Cluster,Gender,Age,family_history_with_overweight,FAVC,FCVC,NCP,CAEC,SMOKE,CH2O,SCC,FAF,TUE,CALC,BMI,Obesity_Level
0,0.007322175732217573,24.34937238493724,0.797071129707113,0.8797071129707112,2.5833891213389117,2.647907949790795,1.1778242677824269,0.0,1.927510460251046,0.0,0.8048953974895398,0.6350282426778242,0.7395397489539749,30.785877327144764,3.337866108786611
1,0.9882352941176471,24.455882352941178,0.8666666666666667,0.9176470588235294,2.2469803921568627,2.7240490196078433,1.076470588235294,0.0,2.0901176470588236,0.0,1.1756764705882354,0.6776960784313726,0.7127450980392157,29.306560590111143,3.0598039215686272
2,0.6590909090909091,28.295454545454547,0.8636363636363636,0.7727272727272727,2.471590909090909,2.727272727272727,1.3181818181818181,1.0,1.8736363636363635,0.11363636363636363,1.0756818181818182,0.7313409090909091,1.0227272727272727,29.651557825111823,3.159090909090909
3,0.26373626373626374,20.47252747252747,0.46153846153846156,0.6043956043956044,2.5943956043956042,2.6316483516483515,1.3846153846153846,0.0,1.9993406593406593,1.0,1.2831868131868132,0.6398791208791209,0.7142857142857143,22.80122978195283,1.3076923076923077
