Feature,VIF
Age,1.9225911080348623
MTRANS_Public_Transportation,1.9063931061027157
MTRANS_Walking,1.266192157979207
Gender,1.2034974005788457
family_history_with_overweight,1.1951425568692484
FAF,1.1649703230795274
FAVC,1.1579598560073192
TUE,1.137313895272073
FCVC,1.130258639283231
CAEC,1.11022072817591
CH2O,1.1067963869974893
SCC,1.0943645021085358
CALC,1.0689828611748666
NCP,1.0625472180224567
MTRANS_Motorbike,1.0571227250597235
SMOKE,1.0518793807449696
MTRANS_Bike,1.0251465066430814
